,CO2 emissions from liquid fuel consumption (% of total),Agricultural land (% of land area),"Agriculture, forestry, and fishing, value added (% of GDP)",Arable land (% of land area)
count,16.0,16.0,16.0,16.0
mean,77.577697368125,8.3175505050625,0.367886564375,0.5369668911250001
std,12.557459441642198,0.21071032348997318,0.10269319038032235,0.1468031593037031
min,65.48698605,7.968574635,0.160021,0.280583614
25%,67.02372423,8.06677890025,0.29160045475,0.3787878785
50%,73.6756192,8.417508418,0.400060425,0.6032547699999999
75%,82.2542241075,8.47362514,0.446533315,0.634118967
max,103.739213,8.529741863,0.516824849,0.729517396
